title,price,star_rating,availability,category
It's Only the Himalayas,Â£45.17,Two,In stock,Travel
Full Moon over Noahâs Ark: An Odyssey to Mount Ararat and Beyond,Â£49.43,Four,In stock,Travel
See America: A Celebration of Our National Parks & Treasured Sites,Â£48.87,Three,In stock,Travel
Vagabonding: An Uncommon Guide to the Art of Long-Term World Travel,Â£36.94,Two,In stock,Travel
Under the Tuscan Sun,Â£37.33,Three,In stock,Travel
A Summer In Europe,Â£44.34,Two,In stock,Travel
The Great Railway Bazaar,Â£30.54,One,In stock,Travel
A Year in Provence (Provence #1),Â£56.88,Four,In stock,Travel
The Road to Little Dribbling: Adventures of an American in Britain (Notes From a Small Island #2),Â£23.21,One,In stock,Travel
Neither Here nor There: Travels in Europe,Â£38.95,Three,In stock,Travel
"1,000 Places to See Before You Die",Â£26.08,Five,In stock,Travel
Sharp Objects,Â£47.82,Four,In stock,Mystery
"In a Dark, Dark Wood",Â£19.63,One,In stock,Mystery
The Past Never Ends,Â£56.50,Four,In stock,Mystery
A Murder in Time,Â£16.64,One,In stock,Mystery
The Murder of Roger Ackroyd (Hercule Poirot #4),Â£44.10,Four,In stock,Mystery
The Last Mile (Amos Decker #2),Â£54.21,Two,In stock,Mystery
That Darkness (Gardiner and Renner #1),Â£13.92,One,In stock,Mystery
Tastes Like Fear (DI Marnie Rome #3),Â£10.69,One,In stock,Mystery
A Time of Torment (Charlie Parker #14),Â£48.35,Five,In stock,Mystery
A Study in Scarlet (Sherlock Holmes #1),Â£16.73,Two,In stock,Mystery
Poisonous (Max Revere Novels #3),Â£26.80,Three,In stock,Mystery
Murder at the 42nd Street Library (Raymond Ambler #1),Â£54.36,Four,In stock,Mystery
Most Wanted,Â£35.28,Three,In stock,Mystery
Hide Away (Eve Duncan #20),Â£11.84,One,In stock,Mystery
Boar Island (Anna Pigeon #19),Â£59.48,Three,In stock,Mystery
The Widow,Â£27.26,Two,In stock,Mystery
Playing with Fire,Â£13.71,Three,In stock,Mystery
What Happened on Beale Street (Secrets of the South Mysteries #2),Â£25.37,Five,In stock,Mystery
The Bachelor Girl's Guide to Murder (Herringford and Watts Mysteries #1),Â£52.30,Five,In stock,Mystery
Delivering the Truth (Quaker Midwife Mystery #1),Â£20.89,Four,In stock,Mystery
The Mysterious Affair at Styles (Hercule Poirot #1),Â£24.80,Four,In stock,Mystery
In the Woods (Dublin Murder Squad #1),Â£38.38,Two,In stock,Mystery
The Silkworm (Cormoran Strike #2),Â£23.05,Five,In stock,Mystery
The Exiled,Â£43.45,Three,In stock,Mystery
The Cuckoo's Calling (Cormoran Strike #1),Â£19.21,One,In stock,Mystery
Extreme Prey (Lucas Davenport #26),Â£25.40,Three,In stock,Mystery
Career of Evil (Cormoran Strike #3),Â£24.72,Two,In stock,Mystery
The No. 1 Ladies' Detective Agency (No. 1 Ladies' Detective Agency #1),Â£57.70,Four,In stock,Mystery
The Girl You Lost,Â£12.29,Five,In stock,Mystery
The Girl In The Ice (DCI Erika Foster #1),Â£15.85,Three,In stock,Mystery
Blood Defense (Samantha Brinkman #1),Â£20.30,Three,In stock,Mystery
1st to Die (Women's Murder Club #1),Â£53.98,One,In stock,Mystery
Chase Me (Paris Nights #2),Â£25.27,Five,In stock,Romance
Black Dust,Â£34.53,Five,In stock,Romance
Her Backup Boyfriend (The Sorensen Family #1),Â£33.97,One,In stock,Romance
First and First (Five Boroughs #3),Â£15.97,Four,In stock,Romance
Fifty Shades Darker (Fifty Shades #2),Â£21.96,One,In stock,Romance
The Wedding Dress,Â£24.12,One,In stock,Romance
Suddenly in Love (Lake Haven #1),Â£55.99,Two,In stock,Romance
Something More Than This,Â£16.24,Four,In stock,Romance
Doing It Over (Most Likely To #1),Â£35.61,Three,In stock,Romance
The Wedding Pact (The O'Malleys #2),Â£32.61,Three,In stock,Romance
Hold Your Breath (Search and Rescue #1),Â£28.82,One,In stock,Romance
Dirty (Dive Bar #1),Â£40.83,Four,In stock,Romance
Take Me Home Tonight (Rock Star Romance #3),Â£53.98,Three,In stock,Romance
Off the Hook (Fishing for Trouble #1),Â£47.67,Three,In stock,Romance
A Gentleman's Position (Society of Gentlemen #3),Â£14.75,Five,In stock,Romance
"Sit, Stay, Love",Â£20.90,Three,In stock,Romance
A Girl's Guide to Moving On (New Beginnings #2),Â£31.30,One,In stock,Romance
The Perfect Play (Play by Play #1),Â£59.99,Three,In stock,Romance
Dark Lover (Black Dagger Brotherhood #1),Â£12.87,One,In stock,Romance
Changing the Game (Play by Play #2),Â£13.38,Three,In stock,Romance
A Walk to Remember,Â£56.43,One,In stock,Romance
The Purest Hook (Second Circle Tattoos #3),Â£12.25,One,In stock,Romance
The Obsession,Â£45.43,One,In stock,Romance
Reservations for Two,Â£11.10,Three,In stock,Romance
Best of My Love (Fool's Gold #20),Â£27.41,Two,In stock,Romance
Where Lightning Strikes (Bleeding Stars #3),Â£39.77,Three,In stock,Romance
This One Moment (Pushing Limits #1),Â£48.71,One,In stock,Romance
"Rhythm, Chord & Malykhin",Â£28.34,Two,In stock,Romance
My Perfect Mistake (Over the Top #1),Â£38.92,Two,In stock,Romance
Listen to Me (Fusion #1),Â£58.99,Three,In stock,Romance
Imperfect Harmony,Â£34.74,Four,In stock,Romance
Fighting Fate (Fighting #6),Â£39.24,Three,In stock,Romance
Deep Under (Walker Security #1),Â£47.09,Five,In stock,Romance
Charity's Cross (Charles Towne Belles #4),Â£41.24,One,In stock,Romance
Bounty (Colorado Mountain #7),Â£37.26,Four,In stock,Romance
